{"F1": 0.707101727447217, "roc_auc": 0.8975285842464292}