{"F1": 0.724582338902148, "roc_auc": 0.8818690996195575}